CUSTOMERID,AGE,EDUCATION,YEARSEMPLOYED,INCOME,CARDDEBT,OTHERDEBT,DEFAULTED,ADDRESS
1,41,UNDER GRADUATE,6,19,0.124,1.073,0,NBA001
2,47,SCHOOL,26,100,4.582,8.218,0,NBA021
3,33,UNDER GRADUATE,10,57,6.111,5.802,1,NBA013
4,29,UNDER GRADUATE,4,19,0.681,0.516,0,NBA009
5,47,SCHOOL,31,253,9.308,8.908,0,NBA008
6,40,SCHOOL,23,81,0.998,7.831,$null$,NBA016
7,38,UNDER GRADUATE,4,56,0.442,0.454,0,NBA013
8,42,POST GRADUATE,0,64,0.279,3.945,0,NBA009
9,26,SCHOOL,5,18,0.575,2.215,$null$,NBA006
10,47,POST GRADUATE,23,115,0.653,3.947,0,NBA011
11,44,POST GRADUATE,8,88,0.285,5.083,1,NBA010
12,34,UNDER GRADUATE,9,40,0.374,0.266,$null$,NBA003
13,24,SCHOOL,7,18,0.526,0.644,0,NBA000
14,46,SCHOOL,6,30,1.415,3.865,$null$,NBA019
15,28,POST GRADUATE,2,20,0.233,1.647,1,NBA000
16,24,SCHOOL,1,16,0.185,1.287,$null$,NBA005
17,29,SCHOOL,1,17,0.132,0.293,0,NBA004
18,43,DOCTRATE,1,26,1.519,1.237,0,NBA005
19,44,SCHOOL,18,61,2.806,3.782,$null$,NBA000
20,36,SCHOOL,16,32,0.544,2.944,$null$,NBA013
21,29,UNDER GRADUATE,6,25,0.585,0.465,0,NBA009
22,36,POST GRADUATE,10,43,0.961,4.629,0,NBA004
23,28,POST GRADUATE,6,47,5.574,3.732,1,NBA008
24,45,SCHOOL,19,77,2.303,4.165,0,NBA022
25,37,DOCTRATE,10,123,3.022,18.257,0,NBA018
26,43,SCHOOL,9,66,2.341,3.467,$null$,NBA008
27,24,SCHOOL,4,21,0.099,0.447,0,NBA002
28,37,SCHOOL,19,38,2.591,2.539,$null$,NBA007
29,38,UNDER GRADUATE,13,59,0.408,1.008,0,NBA000
30,34,UNDER GRADUATE,9,45,1.118,3.427,0,NBA013
31,40,POST GRADUATE,18,100,1.485,1.015,0,NBA006
32,42,UNDER GRADUATE,12,55,2.533,5.717,0,NBA009
33,23,UNDER GRADUATE,0,42,1.019,0.619,1,NBA001
34,40,POST GRADUATE,5,28,1.263,1.537,$null$,NBA018
35,28,SCHOOL,12,45,1.854,1.611,0,NBA007
36,33,UNDER GRADUATE,5,37,1.029,2.079,$null$,NBA002
37,35,POST GRADUATE,5,37,0.581,1.417,1,NBA003
38,37,SCHOOL,0,18,1.584,0.738,1,NBA018
39,22,SCHOOL,1,18,0.270,0.522,0,NBA000
40,39,POST GRADUATE,16,126,1.405,7.163,$null$,NBA010
41,20,SCHOOL,4,14,0.201,1.157,1,NBA000
42,48,POST GRADUATE,17,113,3.376,10.184,0,NBA026
43,28,UNDER GRADUATE,5,34,3.099,4.993,0,NBA009
44,37,POST DOCTORAL RESEARCH,9,177,0.888,9.555,0,NBA016
45,48,SCHOOL,3,27,1.403,4.348,0,NBA011
46,45,POST GRADUATE,9,84,1.276,9.728,$null$,NBA000
47,22,SCHOOL,4,14,0.225,2.225,0,NBA003
48,30,SCHOOL,4,21,0.229,0.506,$null$,NBA002
49,28,SCHOOL,3,19,0.261,0.518,0,NBA007
50,29,UNDER GRADUATE,10,61,0.798,2.984,$null$,NBA003
51,47,SCHOOL,22,81,1.506,2.949,0,NBA019
52,36,SCHOOL,11,33,1.266,9.459,0,NBA002
53,24,SCHOOL,3,19,1.358,3.278,1,NBA004
54,56,SCHOOL,19,66,0.847,1.331,$null$,NBA026
55,29,POST GRADUATE,5,70,3.176,10.754,1,NBA006
56,34,SCHOOL,2,25,0.573,2.577,1,NBA011
57,32,SCHOOL,1,20,0.315,0.645,1,NBA000
58,27,POST GRADUATE,2,26,0.722,0.838,0,NBA007
59,40,SCHOOL,9,64,0.790,3.434,0,NBA004
60,50,SCHOOL,11,36,0.835,0.893,0,NBA005
61,39,SCHOOL,17,60,2.450,5.770,0,NBA020
62,34,SCHOOL,18,34,2.100,3.136,0,NBA010
63,36,SCHOOL,18,67,5.245,2.259,0,NBA009
64,44,UNDER GRADUATE,18,74,4.522,5.394,0,NBA004
65,24,UNDER GRADUATE,4,20,0.324,0.416,0,NBA004
66,31,SCHOOL,8,44,1.721,1.799,0,NBA004
67,34,SCHOOL,16,79,1.735,1.425,0,NBA009
68,26,SCHOOL,4,27,2.472,0.363,1,NBA003
69,38,SCHOOL,3,23,0.832,2.549,0,NBA019
70,24,SCHOOL,3,14,0.838,1.416,1,NBA000
71,30,POST GRADUATE,8,61,0.550,1.158,0,NBA007
72,40,DOCTRATE,5,75,0.885,0.540,0,NBA006
73,30,UNDER GRADUATE,12,98,2.935,4.121,0,NBA009
74,25,UNDER GRADUATE,5,42,3.366,3.144,$null$,NBA003
75,29,SCHOOL,9,33,0.694,0.890,0,NBA002
76,33,SCHOOL,5,18,0.985,1.337,0,NBA010
77,43,SCHOOL,8,45,0.677,0.808,0,NBA011
78,35,UNDER GRADUATE,1,21,0.370,1.289,0,NBA001
79,41,UNDER GRADUATE,21,145,3.237,14.453,0,NBA022
80,46,UNDER GRADUATE,18,55,0.419,2.001,$null$,NBA018
81,33,SCHOOL,12,68,1.366,5.978,0,NBA012
82,30,POST GRADUATE,0,65,3.900,15.405,1,NBA008
83,40,POST GRADUATE,18,157,3.326,7.036,0,NBA014
84,38,SCHOOL,1,42,0.891,2.931,$null$,NBA009
85,49,UNDER GRADUATE,11,51,0.543,7.107,0,NBA001
86,26,SCHOOL,0,15,0.386,0.424,$null$,NBA002
87,22,DOCTRATE,0,25,1.491,1.559,$null$,NBA001
88,29,UNDER GRADUATE,2,16,0.433,1.247,$null$,NBA004
89,28,UNDER GRADUATE,8,31,1.492,1.050,1,NBA003
90,23,DOCTRATE,0,32,0.818,5.070,1,NBA004
91,37,UNDER GRADUATE,11,75,0.633,1.992,0,NBA004
92,35,UNDER GRADUATE,5,33,0.103,0.821,0,NBA001
93,31,SCHOOL,1,21,0.277,0.248,1,NBA006
94,29,SCHOOL,1,20,0.569,3.151,1,NBA002
95,34,POST GRADUATE,7,27,0.125,0.469,0,NBA000
96,47,UNDER GRADUATE,7,49,0.254,0.187,$null$,NBA024
97,37,SCHOOL,5,27,0.419,2.119,$null$,NBA011
98,38,SCHOOL,10,34,0.036,0.372,0,NBA008
99,32,UNDER GRADUATE,5,28,2.594,1.550,1,NBA000
100,22,POST GRADUATE,0,20,0.219,0.721,0,NBA002
101,30,SCHOOL,7,33,1.165,7.217,1,NBA002
102,38,DOCTRATE,13,126,7.613,9.649,$null$,NBA002
103,36,SCHOOL,20,60,1.056,2.184,0,NBA015
104,44,SCHOOL,5,48,1.970,2.350,1,NBA003
105,27,UNDER GRADUATE,4,22,1.086,1.818,1,NBA003
106,47,SCHOOL,19,50,3.176,11.874,0,NBA007
107,41,SCHOOL,7,32,0.072,0.856,0,NBA022
108,25,SCHOOL,8,27,1.019,2.869,0,NBA004
109,33,UNDER GRADUATE,10,54,0.120,1.500,$null$,NBA002
110,42,POST GRADUATE,13,82,1.315,1.391,0,NBA000
111,36,SCHOOL,14,53,1.888,1.133,0,NBA017
112,25,DOCTRATE,0,32,2.140,3.492,0,NBA002
113,30,SCHOOL,10,39,2.056,1.649,0,NBA011
114,24,SCHOOL,0,16,1.009,1.551,1,NBA002
115,32,SCHOOL,7,23,0.861,1.393,$null$,NBA010
116,39,UNDER GRADUATE,9,32,1.430,0.682,0,NBA012
117,30,SCHOOL,4,18,0.227,1.699,0,NBA002
118,33,SCHOOL,16,46,2.400,1.326,$null$,NBA012
119,32,UNDER GRADUATE,12,63,5.550,5.916,0,NBA003
120,33,SCHOOL,7,26,0.543,1.017,0,NBA006
121,29,UNDER GRADUATE,6,21,0.369,2.046,0,NBA004
122,28,UNDER GRADUATE,5,37,1.124,1.947,0,NBA002
123,33,DOCTRATE,9,32,0.496,1.264,0,NBA008
124,39,UNDER GRADUATE,16,53,0.694,1.267,0,NBA012
125,32,SCHOOL,10,42,1.540,2.282,0,NBA011
126,46,SCHOOL,9,72,0.828,2.772,$null$,NBA006
127,32,UNDER GRADUATE,3,47,0.429,0.464,0,NBA013
128,28,UNDER GRADUATE,5,25,0.339,0.386,0,NBA006
129,26,SCHOOL,2,21,1.023,3.135,0,NBA006
130,27,SCHOOL,0,16,0.183,0.089,0,NBA001
131,35,SCHOOL,16,36,0.179,1.045,0,NBA015
132,35,SCHOOL,16,57,1.143,4.842,0,NBA010
133,31,UNDER GRADUATE,6,25,2.332,0.543,0,NBA005
134,32,POST GRADUATE,5,23,0.326,0.709,0,NBA009
135,29,SCHOOL,9,25,1.070,2.405,0,NBA000
136,35,DOCTRATE,4,29,1.844,1.346,0,NBA016
137,48,UNDER GRADUATE,21,86,0.146,0.886,$null$,NBA014
138,24,SCHOOL,4,19,1.185,0.905,$null$,NBA000
139,44,SCHOOL,12,31,0.358,2.649,0,NBA003
140,40,UNDER GRADUATE,5,35,1.584,4.156,1,NBA012
141,36,UNDER GRADUATE,13,41,2.918,3.806,1,NBA006
142,23,UNDER GRADUATE,0,21,0.455,1.372,0,NBA004
143,26,UNDER GRADUATE,8,40,0.444,4.276,0,NBA001
144,30,SCHOOL,8,23,0.762,1.998,0,NBA006
145,34,SCHOOL,12,68,7.817,9.251,1,NBA005
146,28,POST GRADUATE,2,30,1.522,4.448,0,NBA005
147,37,SCHOOL,18,58,2.868,3.106,$null$,NBA009
148,46,POST GRADUATE,3,43,3.042,2.634,1,NBA013
149,24,UNDER GRADUATE,1,42,0.838,1.556,0,NBA002
150,25,UNDER GRADUATE,6,26,0.070,1.100,0,NBA002
151,33,SCHOOL,14,37,0.199,0.763,0,NBA002
152,46,SCHOOL,7,41,0.585,9.009,$null$,NBA006
153,38,POST GRADUATE,4,31,1.332,1.551,1,NBA006
154,47,SCHOOL,3,21,0.068,3.166,$null$,NBA001
155,34,UNDER GRADUATE,9,65,2.108,1.922,0,NBA009
156,35,SCHOOL,16,37,4.213,2.151,$null$,NBA000
157,39,SCHOOL,22,113,0.987,1.951,0,NBA009
158,44,SCHOOL,24,101,2.992,2.664,0,NBA010
159,28,UNDER GRADUATE,1,24,1.338,2.766,1,NBA008
160,31,POST GRADUATE,9,59,3.110,5.504,1,NBA007
161,24,SCHOOL,1,20,0.325,0.495,$null$,NBA000
162,36,POST GRADUATE,13,39,2.801,4.687,0,NBA003
163,35,UNDER GRADUATE,14,82,0.468,0.188,0,NBA003
164,31,SCHOOL,11,47,2.864,2.259,0,NBA012
165,28,UNDER GRADUATE,6,22,0.650,1.880,0,NBA009
166,36,DOCTRATE,8,32,0.025,0.487,0,NBA000
167,31,POST GRADUATE,6,54,0.402,1.110,0,NBA008
168,30,SCHOOL,11,27,0.074,0.169,0,NBA009
169,26,SCHOOL,10,24,0.311,0.337,0,NBA006
170,48,DOCTRATE,3,45,0.975,3.435,0,NBA023
171,39,UNDER GRADUATE,16,89,5.002,7.725,0,NBA009
172,31,SCHOOL,7,20,0.111,2.349,0,NBA002
173,31,POST GRADUATE,9,28,0.122,0.606,0,NBA002
174,27,POST GRADUATE,3,45,0.292,4.658,1,NBA004
175,31,SCHOOL,13,27,0.238,1.112,0,NBA012
176,53,SCHOOL,0,27,2.754,5.049,1,NBA026
177,40,SCHOOL,15,55,0.856,2.169,0,NBA014
178,26,SCHOOL,7,22,0.209,0.913,0,NBA003
179,29,UNDER GRADUATE,5,36,3.491,0.973,1,NBA004
180,52,SCHOOL,19,89,0.397,3.786,0,NBA025
181,39,UNDER GRADUATE,2,46,4.004,3.356,1,NBA012
182,33,UNDER GRADUATE,13,40,0.181,2.699,0,NBA002
183,24,SCHOOL,7,21,0.520,0.803,0,NBA002
184,47,SCHOOL,29,129,20.561,12.076,1,NBA018
185,41,POST GRADUATE,2,15,1.961,1.984,1,NBA000
186,26,UNDER GRADUATE,6,45,6.049,5.651,0,NBA007
187,48,SCHOOL,3,24,0.764,0.916,0,NBA007
188,37,SCHOOL,13,24,0.602,1.534,0,NBA005
189,37,SCHOOL,20,41,0.899,4.390,$null$,NBA013
190,46,DOCTRATE,7,73,0.556,0.247,$null$,NBA016
191,30,SCHOOL,8,27,3.744,1.737,$null$,NBA011
192,47,SCHOOL,15,30,2.212,5.138,0,NBA001
193,37,POST GRADUATE,16,75,0.022,0.053,$null$,NBA008
194,37,UNDER GRADUATE,0,31,0.118,0.161,1,NBA013
195,40,UNDER GRADUATE,15,73,1.033,1.449,0,NBA016
196,35,POST GRADUATE,5,30,1.526,1.654,$null$,NBA013
197,21,UNDER GRADUATE,0,16,0.150,0.938,0,NBA001
198,52,SCHOOL,24,64,3.930,2.470,0,NBA014
199,47,POST GRADUATE,16,221,15.792,23.104,1,NBA026
200,41,POST GRADUATE,0,26,0.099,0.343,0,NBA021
201,47,SCHOOL,27,113,2.381,8.015,0,NBA008
202,38,UNDER GRADUATE,0,21,0.612,0.354,$null$,NBA018
203,22,POST GRADUATE,1,25,1.977,1.473,1,NBA003
204,39,SCHOOL,8,21,0.276,0.564,0,NBA000
205,45,SCHOOL,8,27,0.416,0.286,$null$,NBA025
206,51,SCHOOL,10,44,4.960,0.848,1,NBA001
207,33,UNDER GRADUATE,10,26,0.031,0.775,0,NBA004
208,43,SCHOOL,25,242,1.636,4.656,0,NBA016
209,40,SCHOOL,22,95,0.633,2.787,0,NBA004
210,27,DOCTRATE,2,23,0.320,0.991,1,NBA008
211,31,SCHOOL,11,25,0.141,2.134,0,NBA008
212,34,SCHOOL,10,48,0.264,2.184,$null$,NBA012
213,37,SCHOOL,9,57,1.357,1.778,0,NBA008
214,44,DOCTRATE,18,78,0.565,0.215,$null$,NBA023
215,42,SCHOOL,3,24,0.667,1.877,0,NBA010
216,25,SCHOOL,3,16,1.011,1.837,1,NBA002
217,39,UNDER GRADUATE,7,68,1.017,7.823,1,NBA002
218,26,DOCTRATE,1,64,7.754,7.158,$null$,NBA006
219,36,SCHOOL,19,45,0.920,4.525,$null$,NBA008
220,48,SCHOOL,15,60,0.321,0.939,0,NBA005
221,21,UNDER GRADUATE,0,21,0.488,2.137,1,NBA002
222,40,POST GRADUATE,17,116,2.561,4.399,0,NBA011
223,31,UNDER GRADUATE,9,30,0.602,1.138,0,NBA001
224,23,DOCTRATE,0,23,0.468,1.073,0,NBA002
225,31,SCHOOL,6,21,0.729,1.014,0,NBA009
226,31,SCHOOL,7,23,0.225,0.902,0,NBA010
227,50,POST GRADUATE,18,102,5.782,8.600,0,NBA027
228,29,SCHOOL,1,31,0.156,2.324,0,NBA008
229,37,POST GRADUATE,5,29,1.405,5.729,0,NBA017
230,46,SCHOOL,16,52,3.032,3.676,1,NBA018
231,39,SCHOOL,9,35,0.233,1.517,0,NBA006
232,34,SCHOOL,14,28,1.138,3.622,0,NBA008
233,27,SCHOOL,11,56,4.637,4.827,0,NBA008
234,23,SCHOOL,6,15,1.375,0.530,$null$,NBA002
235,41,SCHOOL,24,83,6.589,5.031,0,NBA012
236,29,SCHOOL,1,18,0.030,0.168,0,NBA001
237,44,SCHOOL,19,40,0.344,4.016,$null$,NBA009
238,24,UNDER GRADUATE,0,15,0.321,2.094,1,NBA002
239,32,POST GRADUATE,9,51,2.686,9.044,0,NBA010
240,23,UNDER GRADUATE,3,34,0.262,1.234,0,NBA004
241,31,SCHOOL,4,28,0.291,2.873,0,NBA010
242,36,SCHOOL,15,39,0.686,0.562,0,NBA010
243,25,SCHOOL,3,31,0.881,1.630,$null$,NBA005
244,26,SCHOOL,10,32,0.126,1.378,0,NBA002
245,43,SCHOOL,4,26,0.751,1.095,$null$,NBA011
246,47,SCHOOL,29,169,0.349,3.369,$null$,NBA020
247,43,SCHOOL,10,69,0.411,4.005,0,NBA009
248,37,SCHOOL,18,54,4.593,1.941,0,NBA008
249,35,DOCTRATE,10,45,1.040,2.785,$null$,NBA012
250,28,DOCTRATE,1,26,0.377,2.847,0,NBA003
251,28,SCHOOL,8,30,0.613,1.547,0,NBA006
252,26,POST GRADUATE,2,37,0.205,5.049,0,NBA001
253,39,SCHOOL,10,31,0.185,1.303,0,NBA004
254,34,UNDER GRADUATE,3,21,1.402,3.449,0,NBA008
255,51,POST GRADUATE,16,82,2.605,1.003,0,NBA025
256,28,UNDER GRADUATE,3,41,5.897,4.394,1,NBA004
257,39,SCHOOL,20,39,0.774,2.424,0,NBA012
258,23,SCHOOL,3,19,0.279,1.317,1,NBA000
259,23,SCHOOL,3,13,0.046,0.357,$null$,NBA004
260,21,SCHOOL,4,26,1.421,0.893,0,NBA000
261,40,SCHOOL,3,23,0.409,1.178,0,NBA013
262,26,DOCTRATE,1,92,6.506,5.454,$null$,NBA005
263,32,UNDER GRADUATE,12,54,3.196,4.580,0,NBA001
264,29,POST GRADUATE,3,50,0.259,0.941,1,NBA003
265,43,SCHOOL,25,64,0.951,9.737,0,NBA021
266,55,SCHOOL,3,40,0.563,2.637,1,NBA011
267,30,SCHOOL,12,40,1.249,1.551,$null$,NBA004
268,38,POST GRADUATE,15,63,5.091,3.351,0,NBA018
269,40,SCHOOL,2,28,0.185,1.803,0,NBA003
270,43,SCHOOL,12,38,0.129,1.239,0,NBA011
271,35,UNDER GRADUATE,1,24,0.591,2.409,1,NBA008
272,24,SCHOOL,8,24,0.382,0.818,0,NBA004
273,35,SCHOOL,11,40,0.572,0.588,$null$,NBA009
274,39,UNDER GRADUATE,18,47,1.565,2.007,$null$,NBA018
275,41,UNDER GRADUATE,5,25,0.393,2.157,0,NBA005
276,28,SCHOOL,2,17,0.199,0.226,1,NBA002
277,24,UNDER GRADUATE,2,28,1.787,3.057,1,NBA000
278,40,POST GRADUATE,3,55,1.751,7.324,1,NBA015
279,29,SCHOOL,8,27,0.402,2.244,0,NBA006
280,26,UNDER GRADUATE,4,28,0.226,2.434,0,NBA003
281,27,SCHOOL,5,26,0.130,0.182,$null$,NBA005
282,50,SCHOOL,30,150,13.552,35.198,$null$,NBA008
283,41,SCHOOL,15,120,2.659,0.821,0,NBA014
284,26,SCHOOL,0,14,0.256,1.214,0,NBA000
285,48,SCHOOL,22,100,3.704,5.396,0,NBA015
286,35,UNDER GRADUATE,1,24,0.417,1.455,$null$,NBA011
287,35,SCHOOL,15,77,5.501,2.661,0,NBA001
288,23,SCHOOL,7,31,0.338,1.708,0,NBA002
289,39,UNDER GRADUATE,20,101,0.341,1.073,0,NBA017
290,38,SCHOOL,21,58,4.584,4.986,0,NBA016
291,30,SCHOOL,4,33,0.500,0.886,0,NBA000
292,44,UNDER GRADUATE,8,43,0.555,1.595,$null$,NBA018
293,33,SCHOOL,0,23,0.077,0.130,0,NBA012
294,34,SCHOOL,15,39,4.373,5.260,1,NBA002
295,27,UNDER GRADUATE,6,34,0.238,1.258,0,NBA001
296,30,SCHOOL,1,22,1.139,1.171,0,NBA010
297,27,UNDER GRADUATE,1,20,0.377,1.683,1,NBA000
298,29,SCHOOL,9,30,0.155,2.305,0,NBA008
299,25,DOCTRATE,1,34,0.133,2.757,1,NBA001
300,41,SCHOOL,23,91,0.573,11.894,0,NBA002
301,42,UNDER GRADUATE,11,73,2.869,2.095,0,NBA005
302,38,POST GRADUATE,12,64,0.895,2.817,0,NBA018
303,23,SCHOOL,5,17,0.302,1.041,0,NBA002
304,33,SCHOOL,2,24,1.041,1.263,0,NBA010
305,31,SCHOOL,2,22,1.739,1.869,1,NBA002
306,37,UNDER GRADUATE,6,62,1.186,4.084,0,NBA013
307,40,SCHOOL,10,45,2.013,6.447,0,NBA015
308,31,SCHOOL,3,16,3.065,2.103,$null$,NBA005
309,35,UNDER GRADUATE,3,40,1.803,5.077,1,NBA011
310,38,SCHOOL,6,41,0.266,3.383,0,NBA000
311,30,UNDER GRADUATE,8,56,0.333,3.251,0,NBA004
312,30,SCHOOL,1,17,0.746,1.124,0,NBA008
313,44,SCHOOL,2,22,1.092,1.020,$null$,NBA015
314,29,UNDER GRADUATE,3,15,0.147,0.243,0,NBA008
315,39,SCHOOL,19,45,0.916,0.749,0,NBA016
316,26,SCHOOL,0,17,0.142,0.708,$null$,NBA005
317,36,SCHOOL,5,27,0.724,1.166,$null$,NBA002
318,31,UNDER GRADUATE,0,27,1.089,2.367,1,NBA004
319,38,UNDER GRADUATE,12,40,0.898,1.142,$null$,NBA014
320,38,SCHOOL,0,23,0.898,0.965,1,NBA008
321,41,POST GRADUATE,13,91,2.316,20.616,1,NBA013
322,41,UNDER GRADUATE,2,30,0.113,1.897,0,NBA022
323,45,POST GRADUATE,5,94,3.612,6.258,1,NBA017
324,24,SCHOOL,4,23,0.242,0.885,$null$,NBA001
325,22,SCHOOL,4,16,0.084,0.108,0,NBA001
326,34,SCHOOL,13,56,0.864,2.552,0,NBA008
327,25,SCHOOL,0,18,0.514,2.888,1,NBA002
328,29,UNDER GRADUATE,6,18,0.450,0.468,1,NBA007
329,35,UNDER GRADUATE,13,105,1.418,0.577,0,NBA003
330,39,SCHOOL,19,48,1.930,4.358,0,NBA005
331,34,SCHOOL,17,59,1.808,2.912,0,NBA003
332,44,UNDER GRADUATE,21,113,3.192,11.724,0,NBA014
333,23,UNDER GRADUATE,0,21,0.776,1.618,1,NBA002
334,46,SCHOOL,6,31,1.986,1.796,0,NBA019
335,41,DOCTRATE,9,47,0.437,1.913,0,NBA013
336,52,SCHOOL,9,24,0.802,3.806,1,NBA011
337,23,SCHOOL,1,17,0.012,0.260,0,NBA000
338,48,SCHOOL,28,70,4.334,4.066,0,NBA025
339,35,SCHOOL,10,24,1.084,4.028,$null$,NBA003
340,53,UNDER GRADUATE,16,44,1.333,1.131,0,NBA031
341,39,POST GRADUATE,11,39,2.561,2.470,0,NBA017
342,37,SCHOOL,20,56,0.543,0.521,0,NBA002
343,34,SCHOOL,12,32,0.239,0.625,$null$,NBA015
344,49,UNDER GRADUATE,2,20,0.379,3.001,1,NBA013
345,39,SCHOOL,23,75,3.133,11.042,0,NBA001
346,42,UNDER GRADUATE,7,41,0.941,0.945,0,NBA023
347,28,UNDER GRADUATE,1,16,0.574,1.778,0,NBA004
348,27,POST GRADUATE,5,75,2.207,2.518,0,NBA001
349,24,SCHOOL,2,21,0.025,0.101,0,NBA001
350,34,SCHOOL,5,33,0.778,1.631,0,NBA003
351,47,SCHOOL,31,136,14.231,17.185,1,NBA009
352,26,DOCTRATE,1,27,0.312,0.471,0,NBA007
353,35,SCHOOL,17,42,0.093,1.167,0,NBA004
354,31,SCHOOL,6,33,0.146,1.240,0,NBA012
355,29,SCHOOL,13,27,0.069,0.552,0,NBA007
356,44,SCHOOL,9,33,0.546,1.170,0,NBA020
357,40,UNDER GRADUATE,13,102,6.227,13.051,1,NBA011
358,36,DOCTRATE,1,30,0.324,3.126,0,NBA017
359,32,POST GRADUATE,6,22,0.385,1.089,$null$,NBA012
360,21,SCHOOL,1,18,0.159,2.955,0,NBA001
361,42,DOCTRATE,15,186,2.404,4.292,0,NBA008
362,37,UNDER GRADUATE,4,20,0.174,4.166,1,NBA011
363,24,SCHOOL,6,21,0.108,0.984,0,NBA002
364,24,DOCTRATE,0,29,0.590,1.324,1,NBA003
365,46,POST GRADUATE,4,73,2.223,1.719,0,NBA017
366,28,SCHOOL,2,16,0.871,1.561,0,NBA009
367,41,SCHOOL,16,68,0.448,3.224,0,NBA017
368,46,POST DOCTORAL RESEARCH,15,126,0.477,3.429,0,NBA000
369,51,UNDER GRADUATE,22,120,4.140,4.980,0,NBA023
370,36,SCHOOL,17,54,0.727,1.649,0,NBA006
371,25,SCHOOL,1,20,0.472,0.868,1,NBA000
372,27,UNDER GRADUATE,3,33,1.634,2.722,0,NBA005
373,43,SCHOOL,23,72,1.182,4.290,0,NBA019
374,53,SCHOOL,6,27,0.594,1.134,1,NBA007
375,32,SCHOOL,4,16,0.894,3.666,1,NBA003
376,36,SCHOOL,0,25,2.778,2.147,0,NBA013
377,29,UNDER GRADUATE,9,30,3.646,2.864,$null$,NBA008
378,35,SCHOOL,18,42,0.205,2.903,0,NBA002
379,32,UNDER GRADUATE,0,18,0.296,0.748,1,NBA006
380,25,UNDER GRADUATE,1,14,0.233,1.153,$null$,NBA003
381,42,SCHOOL,2,30,1.472,1.438,0,NBA016
382,25,SCHOOL,9,20,0.105,0.595,0,NBA002
383,20,POST GRADUATE,0,17,0.044,0.347,0,NBA001
384,50,SCHOOL,4,23,0.141,2.734,0,NBA004
385,46,UNDER GRADUATE,22,144,3.325,12.659,0,NBA017
386,33,SCHOOL,15,32,0.491,1.941,0,NBA003
387,43,SCHOOL,19,79,0.782,5.143,0,NBA011
388,30,UNDER GRADUATE,4,21,0.492,3.351,0,NBA004
389,34,SCHOOL,3,36,0.624,1.068,0,NBA014
390,37,SCHOOL,3,25,0.276,0.649,0,NBA003
391,38,SCHOOL,4,19,1.245,1.339,0,NBA009
392,32,UNDER GRADUATE,11,57,5.440,8.126,1,NBA004
393,39,SCHOOL,15,39,0.140,0.562,0,NBA016
394,31,SCHOOL,7,41,2.996,9.591,1,NBA011
395,25,SCHOOL,5,22,0.403,1.995,0,NBA005
396,31,UNDER GRADUATE,12,44,1.867,2.357,$null$,NBA008
397,29,UNDER GRADUATE,0,23,1.242,0.598,$null$,NBA007
398,45,UNDER GRADUATE,21,132,2.558,1.402,0,NBA026
399,39,SCHOOL,4,38,1.178,1.292,0,NBA009
400,34,SCHOOL,4,23,0.617,0.671,$null$,NBA006
401,24,UNDER GRADUATE,3,24,2.173,2.411,0,NBA001
402,30,SCHOOL,10,19,0.336,0.500,0,NBA002
403,30,SCHOOL,0,19,0.624,2.530,1,NBA008
404,27,SCHOOL,0,18,0.583,1.721,0,NBA007
405,31,SCHOOL,5,25,1.177,2.348,0,NBA003
406,47,POST GRADUATE,9,52,2.540,7.912,1,NBA001
407,47,UNDER GRADUATE,4,33,1.195,1.148,1,NBA009
408,45,UNDER GRADUATE,15,51,1.551,7.680,0,NBA014
409,31,DOCTRATE,7,97,1.827,3.993,$null$,NBA012
410,45,SCHOOL,7,29,0.739,1.030,$null$,NBA017
411,29,SCHOOL,12,40,1.632,1.048,0,NBA002
412,36,UNDER GRADUATE,12,60,1.721,3.019,0,NBA013
413,29,UNDER GRADUATE,10,44,3.703,4.261,0,NBA008
414,39,SCHOOL,2,22,1.916,3.166,1,NBA015
415,22,UNDER GRADUATE,0,35,0.781,2.369,1,NBA001
416,46,SCHOOL,14,35,1.349,2.221,0,NBA025
417,38,SCHOOL,21,65,2.533,8.387,$null$,NBA017
418,37,SCHOOL,1,24,1.801,1.823,1,NBA003
419,42,SCHOOL,12,51,2.412,8.502,0,NBA011
420,36,SCHOOL,4,25,0.144,0.856,$null$,NBA017
421,34,SCHOOL,18,53,0.840,4.725,0,NBA010
422,38,POST GRADUATE,12,63,5.715,4.365,1,NBA014
423,27,SCHOOL,11,21,0.915,1.479,$null$,NBA001
424,35,UNDER GRADUATE,9,30,0.650,1.630,0,NBA016
425,48,SCHOOL,10,70,10.679,9.061,$null$,NBA000
426,45,UNDER GRADUATE,18,35,0.548,5.542,0,NBA019
427,43,SCHOOL,4,29,0.053,1.281,0,NBA002
428,54,SCHOOL,9,28,1.558,2.586,1,NBA002
429,35,POST GRADUATE,7,38,1.383,4.355,0,NBA005
430,28,SCHOOL,4,19,0.287,0.492,0,NBA007
431,39,SCHOOL,16,52,4.160,6.240,0,NBA004
432,43,SCHOOL,8,32,1.234,4.846,$null$,NBA000
433,32,UNDER GRADUATE,2,15,0.119,1.246,1,NBA011
434,22,POST GRADUATE,0,18,0.478,0.908,0,NBA001
435,41,POST GRADUATE,18,71,6.566,4.581,1,NBA006
436,34,UNDER GRADUATE,4,25,0.570,0.880,0,NBA010
437,34,UNDER GRADUATE,9,27,0.295,0.164,0,NBA007
438,31,SCHOOL,1,24,0.217,0.863,0,NBA001
439,55,SCHOOL,19,78,4.405,7.763,0,NBA002
440,40,SCHOOL,21,46,0.967,1.885,0,NBA021
441,41,SCHOOL,13,44,0.071,0.677,0,NBA010
442,43,UNDER GRADUATE,10,37,0.676,2.469,0,NBA024
443,36,SCHOOL,6,26,0.030,2.128,0,NBA009
444,51,UNDER GRADUATE,31,249,4.273,15.149,0,NBA014
445,40,SCHOOL,17,55,2.126,4.144,$null$,NBA005
446,27,POST GRADUATE,5,42,2.708,5.650,1,NBA004
447,36,UNDER GRADUATE,11,49,0.273,0.364,0,NBA008
448,38,SCHOOL,5,54,1.500,4.224,0,NBA005
449,47,SCHOOL,17,43,0.588,1.820,0,NBA021
450,33,SCHOOL,13,42,0.228,1.284,0,NBA013
451,41,POST GRADUATE,12,86,4.991,17.799,1,NBA011
452,33,SCHOOL,9,29,1.349,2.653,1,NBA004
453,21,POST GRADUATE,0,26,1.530,0.472,0,NBA001
454,34,SCHOOL,0,21,0.187,1.325,0,NBA001
455,51,UNDER GRADUATE,27,166,0.821,18.269,0,NBA021
456,36,UNDER GRADUATE,0,30,0.329,2.581,0,NBA017
457,23,UNDER GRADUATE,0,17,2.044,2.665,1,NBA001
458,34,SCHOOL,4,28,1.058,1.574,$null$,NBA003
459,29,SCHOOL,7,22,0.551,1.583,0,NBA009
460,46,POST GRADUATE,9,60,1.606,7.574,0,NBA010
461,45,POST GRADUATE,2,39,0.459,1.452,0,NBA005
462,41,POST GRADUATE,17,176,11.359,5.009,1,NBA012
463,28,SCHOOL,4,16,1.085,2.723,0,NBA001
464,37,SCHOOL,6,29,1.716,3.011,0,NBA009
465,25,SCHOOL,8,35,0.077,0.938,0,NBA001
466,48,POST GRADUATE,0,19,0.850,1.202,0,NBA027
467,37,POST GRADUATE,12,83,0.320,3.083,0,NBA008
468,32,SCHOOL,3,23,0.053,1.373,0,NBA010
469,31,SCHOOL,15,60,0.804,2.076,0,NBA002
470,48,DOCTRATE,14,59,4.936,4.799,1,NBA010
471,45,SCHOOL,22,91,1.256,9.391,0,NBA024
472,41,UNDER GRADUATE,6,36,1.486,3.518,$null$,NBA007
473,39,SCHOOL,19,46,2.516,1.670,0,NBA008
474,41,SCHOOL,19,96,2.254,5.234,0,NBA001
475,50,UNDER GRADUATE,15,60,0.468,0.192,0,NBA031
476,22,POST GRADUATE,0,23,0.373,1.559,1,NBA000
477,43,UNDER GRADUATE,6,54,0.622,4.562,0,NBA024
478,33,SCHOOL,8,27,0.777,0.789,0,NBA007
479,29,SCHOOL,11,32,0.927,0.993,0,NBA007
480,24,SCHOOL,3,21,2.682,3.387,1,NBA003
481,27,SCHOOL,6,52,1.902,5.274,$null$,NBA002
482,37,DOCTRATE,1,33,2.694,2.619,1,NBA014
483,34,UNDER GRADUATE,8,78,2.157,2.055,0,NBA006
484,22,SCHOOL,1,17,0.806,2.356,0,NBA003
485,41,SCHOOL,4,25,1.060,1.464,0,NBA019
486,32,UNDER GRADUATE,7,32,0.433,0.943,0,NBA010
487,35,SCHOOL,15,40,1.214,6.186,0,NBA011
488,41,SCHOOL,24,100,5.060,6.440,0,NBA015
489,21,UNDER GRADUATE,1,16,0.242,2.638,1,NBA002
490,23,SCHOOL,2,25,0.124,1.001,1,NBA001
491,25,SCHOOL,6,22,2.262,2.182,0,NBA006
492,40,SCHOOL,12,89,2.772,12.714,0,NBA006
493,38,SCHOOL,11,35,1.266,1.534,0,NBA013
494,49,UNDER GRADUATE,14,63,0.936,9.018,$null$,NBA026
495,40,SCHOOL,13,28,0.965,0.687,0,NBA002
496,29,UNDER GRADUATE,1,25,0.569,2.031,0,NBA007
497,25,SCHOOL,3,18,0.352,2.582,1,NBA002
498,33,SCHOOL,14,72,15.017,14.719,1,NBA008
499,37,UNDER GRADUATE,11,47,1.597,2.915,$null$,NBA011
500,24,SCHOOL,1,18,0.239,0.823,1,NBA000
501,29,UNDER GRADUATE,4,37,1.160,1.282,1,NBA003
502,28,UNDER GRADUATE,0,29,2.148,1.709,1,NBA007
503,37,UNDER GRADUATE,15,108,5.251,7.493,$null$,NBA011
504,47,UNDER GRADUATE,27,107,1.638,4.889,$null$,NBA007
505,31,UNDER GRADUATE,2,26,0.283,1.485,1,NBA001
506,28,POST GRADUATE,5,44,0.773,3.055,0,NBA009
507,39,UNDER GRADUATE,15,32,0.422,1.146,0,NBA019
508,33,UNDER GRADUATE,2,35,2.124,5.891,1,NBA014
509,41,UNDER GRADUATE,19,68,1.507,2.437,0,NBA002
510,29,UNDER GRADUATE,1,29,2.330,3.818,1,NBA007
511,31,SCHOOL,2,22,1.092,1.702,1,NBA004
512,28,DOCTRATE,0,38,0.636,3.316,0,NBA005
513,35,SCHOOL,0,34,1.370,2.404,1,NBA005
514,54,SCHOOL,25,120,14.596,17.204,1,NBA012
515,39,SCHOOL,19,53,0.190,1.771,$null$,NBA016
516,46,SCHOOL,9,31,1.617,2.661,0,NBA023
517,23,UNDER GRADUATE,3,22,1.274,1.234,1,NBA003
518,28,UNDER GRADUATE,6,38,0.774,1.962,0,NBA007
519,24,SCHOOL,3,15,0.073,1.622,1,NBA005
520,41,UNDER GRADUATE,7,63,4.638,5.064,0,NBA017
521,43,UNDER GRADUATE,9,60,4.039,8.201,1,NBA005
522,27,POST GRADUATE,3,35,1.601,3.054,0,NBA004
523,33,DOCTRATE,4,22,0.566,0.644,$null$,NBA012
524,28,SCHOOL,2,18,1.939,0.725,1,NBA000
525,48,SCHOOL,13,38,0.722,3.382,$null$,NBA011
526,35,POST GRADUATE,1,20,0.853,0.727,0,NBA004
527,31,SCHOOL,11,28,0.345,0.999,1,NBA006
528,42,UNDER GRADUATE,14,48,1.201,2.927,1,NBA001
529,29,SCHOOL,1,18,1.981,2.627,1,NBA003
530,36,SCHOOL,4,17,0.521,2.420,0,NBA015
531,29,SCHOOL,4,24,0.867,1.005,$null$,NBA000
532,31,SCHOOL,12,31,2.057,5.290,0,NBA004
533,43,DOCTRATE,18,446,16.031,12.959,1,NBA014
534,41,UNDER GRADUATE,13,93,9.542,4.129,$null$,NBA001
535,31,SCHOOL,9,28,0.048,0.624,0,NBA010
536,31,SCHOOL,6,45,0.585,2.700,$null$,NBA001
537,28,UNDER GRADUATE,2,23,0.187,1.285,1,NBA003
538,35,SCHOOL,7,29,0.264,1.157,0,NBA014
539,38,SCHOOL,5,21,0.450,1.440,0,NBA013
540,40,SCHOOL,14,43,2.793,3.657,1,NBA021
541,39,SCHOOL,20,116,2.240,2.516,$null$,NBA008
542,38,UNDER GRADUATE,8,38,0.029,0.199,0,NBA016
543,27,POST GRADUATE,4,40,0.284,0.956,1,NBA001
544,49,SCHOOL,11,39,2.458,1.481,0,NBA005
545,38,SCHOOL,18,45,0.536,2.614,0,NBA007
546,43,SCHOOL,16,89,0.159,0.197,0,NBA007
547,36,UNDER GRADUATE,9,49,0.818,3.396,1,NBA006
548,37,SCHOOL,4,23,0.870,1.982,0,NBA000
549,46,POST GRADUATE,22,99,0.827,1.450,0,NBA004
550,22,UNDER GRADUATE,0,20,0.207,0.913,0,NBA003
551,47,SCHOOL,13,51,3.739,8.399,0,NBA025
552,47,POST GRADUATE,16,266,2.192,3.128,$null$,NBA007
553,30,DOCTRATE,2,25,1.770,0.730,0,NBA008
554,51,UNDER GRADUATE,19,159,1.068,3.384,0,NBA025
555,28,SCHOOL,10,42,1.047,2.565,$null$,NBA001
556,50,SCHOOL,6,21,1.317,1.392,$null$,NBA027
557,43,SCHOOL,24,254,7.002,12.556,$null$,NBA022
558,46,UNDER GRADUATE,9,15,0.015,0.630,0,NBA026
559,29,SCHOOL,7,20,1.006,2.954,1,NBA005
560,26,SCHOOL,1,21,0.608,0.421,0,NBA000
561,45,SCHOOL,14,46,1.262,1.084,$null$,NBA026
562,39,SCHOOL,22,52,1.155,0.509,0,NBA003
563,30,UNDER GRADUATE,10,22,1.410,2.132,0,NBA004
564,41,POST GRADUATE,7,56,0.374,7.746,1,NBA006
565,25,UNDER GRADUATE,4,27,0.549,0.801,1,NBA005
566,34,SCHOOL,16,48,1.474,2.174,0,NBA009
567,44,POST GRADUATE,7,78,3.153,5.037,$null$,NBA016
568,25,SCHOOL,4,23,0.252,0.944,0,NBA000
569,39,SCHOOL,20,67,3.834,16.668,0,NBA009
570,26,SCHOOL,4,20,0.319,0.761,0,NBA003
571,31,SCHOOL,8,41,0.134,5.032,0,NBA003
572,40,POST GRADUATE,5,220,8.166,27.034,1,NBA003
573,42,SCHOOL,6,31,1.025,2.571,0,NBA009
574,23,SCHOOL,1,21,1.210,0.554,1,NBA000
575,34,SCHOOL,9,48,0.420,4.044,0,NBA008
576,28,DOCTRATE,0,29,1.425,5.593,0,NBA007
577,29,SCHOOL,6,21,1.110,2.691,0,NBA007
578,29,UNDER GRADUATE,3,26,0.538,1.048,1,NBA006
579,24,UNDER GRADUATE,2,26,0.888,1.634,1,NBA003
580,53,SCHOOL,9,50,2.016,3.584,1,NBA018
581,39,SCHOOL,19,60,9.593,6.667,1,NBA015
582,28,DOCTRATE,2,41,0.459,0.566,1,NBA004
583,38,SCHOOL,16,37,0.083,3.099,$null$,NBA008
584,39,SCHOOL,12,46,0.561,1.739,0,NBA010
585,38,SCHOOL,18,44,0.606,1.374,0,NBA019
586,34,DOCTRATE,6,27,1.982,7.549,1,NBA003
587,31,SCHOOL,11,45,2.739,4.911,0,NBA012
588,40,SCHOOL,2,32,0.854,0.330,0,NBA004
589,32,SCHOOL,8,26,0.326,0.740,0,NBA006
590,35,UNDER GRADUATE,12,64,1.450,8.150,$null$,NBA012
591,29,UNDER GRADUATE,3,32,1.071,1.809,$null$,NBA009
592,44,UNDER GRADUATE,12,86,1.476,9.704,0,NBA005
593,48,UNDER GRADUATE,9,44,2.134,0.462,$null$,NBA022
594,41,UNDER GRADUATE,6,36,4.514,2.506,1,NBA000
595,28,SCHOOL,0,28,2.284,7.040,1,NBA002
596,29,SCHOOL,3,23,1.104,1.035,$null$,NBA010
597,24,SCHOOL,1,16,0.878,0.274,$null$,NBA004
598,25,SCHOOL,9,18,0.066,0.150,0,NBA004
599,43,UNDER GRADUATE,16,83,0.259,3.144,0,NBA010
600,45,SCHOOL,12,37,1.343,2.172,0,NBA019
601,35,SCHOOL,13,35,0.432,1.143,0,NBA015
602,34,SCHOOL,13,51,1.875,3.021,0,NBA011
603,29,SCHOOL,2,14,0.587,1.429,1,NBA000
604,32,UNDER GRADUATE,11,75,7.759,9.716,1,NBA006
605,27,POST GRADUATE,6,26,0.930,1.774,0,NBA004
606,39,SCHOOL,16,57,1.559,9.499,0,NBA020
607,37,DOCTRATE,2,29,2.782,1.684,$null$,NBA001
608,31,DOCTRATE,1,29,1.065,2.154,0,NBA006
609,28,SCHOOL,4,28,0.437,3.539,1,NBA002
610,27,UNDER GRADUATE,8,38,0.364,2.258,0,NBA004
611,31,SCHOOL,8,27,0.674,0.784,$null$,NBA004
612,31,SCHOOL,9,26,0.310,0.860,0,NBA005
613,32,SCHOOL,0,20,0.263,0.337,1,NBA004
614,29,UNDER GRADUATE,9,36,0.127,0.377,0,NBA003
615,31,UNDER GRADUATE,9,53,1.195,5.960,0,NBA008
616,32,UNDER GRADUATE,5,43,1.806,4.644,1,NBA005
617,39,SCHOOL,6,42,2.541,5.817,1,NBA019
618,27,UNDER GRADUATE,7,30,0.448,0.752,1,NBA008
619,29,SCHOOL,13,42,1.458,1.650,1,NBA001
620,31,SCHOOL,11,34,0.298,2.014,0,NBA006
621,41,UNDER GRADUATE,22,75,9.877,7.823,0,NBA017
622,30,SCHOOL,1,27,1.275,2.046,$null$,NBA001
623,35,UNDER GRADUATE,0,22,1.970,1.330,1,NBA016
624,38,UNDER GRADUATE,2,22,1.209,3.785,1,NBA016
625,29,SCHOOL,1,17,0.157,0.982,0,NBA009
626,37,SCHOOL,7,32,2.697,3.575,0,NBA003
627,26,SCHOOL,8,25,0.210,0.965,0,NBA004
628,27,SCHOOL,0,16,0.130,0.046,0,NBA005
629,42,UNDER GRADUATE,18,66,1.641,4.695,0,NBA023
630,45,POST GRADUATE,8,140,4.184,15.276,$null$,NBA001
631,51,DOCTRATE,15,26,2.012,1.524,$null$,NBA030
632,36,SCHOOL,10,28,0.815,2.321,1,NBA000
633,48,SCHOOL,17,66,1.468,0.644,0,NBA022
634,45,SCHOOL,10,52,0.932,1.876,0,NBA014
635,47,SCHOOL,16,110,5.821,8.039,$null$,NBA019
636,26,SCHOOL,6,22,0.721,1.545,0,NBA000
637,35,SCHOOL,12,30,1.899,2.721,$null$,NBA003
638,50,POST GRADUATE,10,80,2.479,7.281,0,NBA020
639,30,SCHOOL,11,33,0.682,2.090,0,NBA001
640,49,UNDER GRADUATE,22,79,0.288,5.479,0,NBA004
641,36,SCHOOL,1,16,0.433,1.055,0,NBA004
642,24,UNDER GRADUATE,3,19,0.359,0.458,0,NBA000
643,42,POST DOCTORAL RESEARCH,6,190,3.157,11.663,0,NBA023
644,28,UNDER GRADUATE,0,30,0.121,1.319,1,NBA003
645,52,UNDER GRADUATE,12,76,0.995,4.857,0,NBA016
646,39,UNDER GRADUATE,9,56,4.765,5.707,0,NBA016
647,40,UNDER GRADUATE,15,138,1.222,4.436,$null$,NBA019
648,29,UNDER GRADUATE,0,22,1.039,1.799,1,NBA008
649,40,SCHOOL,8,28,0.534,0.474,0,NBA017
650,27,SCHOOL,10,34,0.851,1.359,0,NBA006
651,24,POST GRADUATE,2,16,0.270,0.754,1,NBA005
652,26,UNDER GRADUATE,5,28,1.024,1.160,0,NBA007
653,40,POST GRADUATE,16,116,1.614,12.422,0,NBA006
654,50,UNDER GRADUATE,16,71,1.663,6.218,0,NBA014
655,30,SCHOOL,0,20,0.622,0.458,$null$,NBA002
656,26,UNDER GRADUATE,6,30,0.144,0.156,0,NBA006
657,35,SCHOOL,10,28,0.110,0.254,$null$,NBA008
658,37,POST GRADUATE,16,50,7.320,10.980,1,NBA014
659,52,POST DOCTORAL RESEARCH,9,70,1.329,5.251,1,NBA000
660,24,SCHOOL,5,46,0.530,1.218,$null$,NBA001
661,28,SCHOOL,3,26,0.432,2.168,0,NBA006
662,29,UNDER GRADUATE,6,57,0.453,0.801,0,NBA007
663,35,SCHOOL,11,77,1.100,2.519,$null$,NBA012
664,54,SCHOOL,18,114,3.295,6.395,0,NBA034
665,32,SCHOOL,10,32,1.168,2.448,0,NBA013
666,32,SCHOOL,11,53,0.089,1.660,0,NBA002
667,36,SCHOOL,14,81,1.785,4.047,0,NBA011
668,31,SCHOOL,12,24,0.442,1.142,0,NBA009
669,28,SCHOOL,11,24,0.107,0.469,0,NBA006
670,34,SCHOOL,10,33,2.502,0.897,1,NBA001
671,53,DOCTRATE,7,61,1.875,2.944,0,NBA011
672,50,SCHOOL,8,47,0.399,2.844,0,NBA027
673,52,DOCTRATE,13,234,7.387,10.631,0,NBA017
674,30,UNDER GRADUATE,4,15,0.350,0.625,0,NBA008
675,26,UNDER GRADUATE,0,28,1.271,1.333,0,NBA007
676,42,UNDER GRADUATE,21,121,1.365,2.386,0,NBA011
677,27,SCHOOL,6,43,0.883,1.224,0,NBA006
678,41,SCHOOL,14,52,0.926,2.870,0,NBA008
679,27,SCHOOL,10,31,1.362,4.001,0,NBA006
680,32,SCHOOL,12,33,0.795,2.901,$null$,NBA010
681,37,SCHOOL,12,44,2.995,3.473,0,NBA014
682,29,SCHOOL,3,17,0.470,1.060,0,NBA001
683,27,SCHOOL,9,45,2.852,5.158,1,NBA006
684,50,POST GRADUATE,25,94,1.734,3.248,$null$,NBA007
685,21,POST GRADUATE,0,24,0.833,1.015,0,NBA002
686,41,DOCTRATE,14,44,0.353,0.395,0,NBA003
687,23,UNDER GRADUATE,1,18,0.885,2.481,1,NBA003
688,45,UNDER GRADUATE,9,69,0.707,3.916,0,NBA026
689,45,UNDER GRADUATE,2,29,0.443,1.123,0,NBA019
690,33,SCHOOL,6,21,0.567,1.008,0,NBA014
691,21,SCHOOL,1,16,0.141,0.867,0,NBA001
692,40,SCHOOL,6,36,0.391,0.365,1,NBA009
693,40,UNDER GRADUATE,3,28,0.553,2.107,0,NBA002
694,56,SCHOOL,11,59,4.673,4.177,0,NBA020
695,26,SCHOOL,2,22,0.237,1.171,$null$,NBA005
696,29,SCHOOL,6,46,1.170,1.314,0,NBA004
697,29,UNDER GRADUATE,6,65,1.985,9.975,0,NBA010
698,39,SCHOOL,13,27,0.966,1.194,0,NBA009
699,27,UNDER GRADUATE,1,23,0.285,2.567,0,NBA000
700,25,SCHOOL,1,15,0.371,1.339,1,NBA006
701,36,POST DOCTORAL RESEARCH,5,20,0.729,0.891,0,NBA012
702,35,SCHOOL,7,39,1.702,4.577,1,NBA005
703,25,UNDER GRADUATE,4,33,0.553,1.163,0,NBA006
704,21,UNDER GRADUATE,2,20,0.291,0.609,1,NBA000
705,23,SCHOOL,2,16,0.805,0.731,1,NBA002
706,32,SCHOOL,14,73,3.752,2.672,0,NBA007
707,34,SCHOOL,0,20,2.049,1.371,0,NBA010
708,38,SCHOOL,5,20,0.092,0.208,$null$,NBA004
709,39,SCHOOL,22,73,3.727,6.712,0,NBA009
710,46,SCHOOL,1,21,1.377,1.731,1,NBA015
711,35,UNDER GRADUATE,10,98,4.875,8.159,0,NBA016
712,33,DOCTRATE,9,28,0.377,0.827,0,NBA010
713,30,UNDER GRADUATE,12,68,2.857,10.811,0,NBA009
714,54,POST GRADUATE,21,118,9.600,7.392,0,NBA020
715,42,UNDER GRADUATE,5,41,0.355,1.039,0,NBA003
716,28,SCHOOL,9,22,5.283,0.811,1,NBA000
717,35,SCHOOL,9,34,0.398,1.302,0,NBA001
718,41,POST GRADUATE,16,135,1.277,4.663,0,NBA022
719,41,SCHOOL,16,49,0.431,0.353,0,NBA022
720,53,DOCTRATE,5,78,6.936,6.558,1,NBA029
721,28,SCHOOL,4,26,1.295,2.215,0,NBA007
722,35,SCHOOL,5,32,0.175,3.985,0,NBA005
723,42,SCHOOL,7,25,1.629,0.921,0,NBA012
724,33,SCHOOL,11,35,0.506,5.059,$null$,NBA006
725,27,POST GRADUATE,0,50,1.044,6.306,$null$,NBA004
726,48,UNDER GRADUATE,30,148,3.975,6.681,0,NBA014
727,33,SCHOOL,2,44,0.525,0.839,0,NBA014
728,37,SCHOOL,6,31,1.701,1.926,1,NBA010
729,31,SCHOOL,5,23,0.046,0.414,$null$,NBA007
730,35,POST GRADUATE,10,39,1.602,2.454,0,NBA015
731,48,UNDER GRADUATE,6,66,2.316,5.670,0,NBA001
732,34,SCHOOL,16,75,3.955,3.845,0,NBA003
733,23,UNDER GRADUATE,2,48,0.511,3.089,$null$,NBA002
734,41,UNDER GRADUATE,8,43,0.086,0.215,0,NBA021
735,52,SCHOOL,33,139,2.288,5.496,$null$,NBA023
736,39,SCHOOL,6,61,0.563,2.914,0,NBA009
737,46,SCHOOL,1,20,0.809,1.991,0,NBA012
738,33,UNDER GRADUATE,4,55,2.160,1.690,0,NBA009
739,34,POST GRADUATE,2,39,1.143,4.005,0,NBA014
740,34,POST GRADUATE,12,47,1.301,1.848,0,NBA008
741,40,SCHOOL,9,33,4.881,0.729,$null$,NBA009
742,45,POST GRADUATE,16,80,0.912,1.488,0,NBA021
743,25,SCHOOL,1,19,0.190,1.121,0,NBA001
744,31,UNDER GRADUATE,6,32,3.341,4.051,1,NBA006
745,34,DOCTRATE,7,40,0.950,1.610,0,NBA015
746,45,SCHOOL,23,50,0.559,1.541,0,NBA005
747,44,UNDER GRADUATE,17,129,0.551,2.674,0,NBA000
748,35,SCHOOL,13,42,0.769,6.623,$null$,NBA004
749,22,UNDER GRADUATE,0,14,0.242,2.152,$null$,NBA000
750,26,POST GRADUATE,3,40,1.896,2.424,$null$,NBA001
751,38,SCHOOL,6,18,0.131,2.209,0,NBA017
752,27,SCHOOL,7,26,0.641,1.725,0,NBA004
753,29,SCHOOL,11,36,0.709,1.487,0,NBA005
754,29,UNDER GRADUATE,5,28,2.126,3.110,0,NBA007
755,22,SCHOOL,4,24,1.636,2.108,1,NBA002
756,47,SCHOOL,4,26,0.122,2.582,0,NBA002
757,27,UNDER GRADUATE,5,25,0.706,0.994,0,NBA006
758,24,SCHOOL,2,18,0.528,0.552,0,NBA005
759,52,SCHOOL,17,73,1.054,5.297,$null$,NBA004
760,26,SCHOOL,3,29,2.527,4.926,1,NBA005
761,40,SCHOOL,22,100,5.402,9.198,0,NBA001
762,33,UNDER GRADUATE,12,58,3.084,7.588,0,NBA008
763,30,SCHOOL,0,17,0.304,1.736,0,NBA011
764,39,UNDER GRADUATE,16,69,1.061,0.595,0,NBA013
765,24,UNDER GRADUATE,0,16,0.025,1.143,0,NBA005
766,27,DOCTRATE,0,70,1.618,3.982,1,NBA006
767,38,UNDER GRADUATE,7,64,0.651,1.269,0,NBA004
768,36,SCHOOL,9,40,1.976,1.944,0,NBA001
769,39,SCHOOL,4,33,0.397,1.913,0,NBA015
770,43,SCHOOL,13,76,2.151,2.485,1,NBA023
771,24,SCHOOL,8,17,0.569,0.383,1,NBA000
772,21,SCHOOL,5,25,0.367,1.883,0,NBA001
773,26,UNDER GRADUATE,2,24,1.577,1.687,1,NBA006
774,43,SCHOOL,11,37,0.180,0.301,0,NBA017
775,36,POST GRADUATE,11,44,0.446,6.022,0,NBA012
776,43,SCHOOL,15,62,0.694,5.134,$null$,NBA021
777,35,UNDER GRADUATE,11,62,9.703,10.385,$null$,NBA001
778,34,UNDER GRADUATE,10,33,0.574,2.561,0,NBA002
779,47,UNDER GRADUATE,17,41,0.456,3.439,0,NBA023
780,48,SCHOOL,0,30,2.663,4.027,0,NBA023
781,29,UNDER GRADUATE,9,46,0.241,0.495,0,NBA000
782,36,SCHOOL,7,43,1.040,1.626,0,NBA002
783,35,SCHOOL,10,39,0.218,2.005,0,NBA016
784,39,SCHOOL,13,38,1.897,1.485,0,NBA001
785,41,SCHOOL,21,76,6.949,8.631,0,NBA002
786,29,POST GRADUATE,1,30,0.279,1.071,0,NBA010
787,39,UNDER GRADUATE,18,44,0.368,0.556,0,NBA009
788,33,SCHOOL,12,32,2.105,1.511,0,NBA011
789,33,UNDER GRADUATE,8,27,1.646,1.000,$null$,NBA013
790,39,SCHOOL,0,39,1.066,2.015,0,NBA008
791,40,UNDER GRADUATE,8,57,0.878,2.314,0,NBA019
792,53,SCHOOL,33,324,7.053,15.627,$null$,NBA025
793,34,SCHOOL,15,67,3.741,5.103,0,NBA000
794,29,POST GRADUATE,7,84,6.912,4.512,1,NBA002
795,30,SCHOOL,0,17,0.447,0.182,1,NBA011
796,38,POST GRADUATE,3,25,0.312,0.613,0,NBA018
797,25,DOCTRATE,0,24,1.597,1.307,1,NBA006
798,26,UNDER GRADUATE,6,35,0.086,0.579,0,NBA000
799,25,UNDER GRADUATE,5,35,1.969,3.806,$null$,NBA005
800,29,SCHOOL,8,24,0.470,1.138,0,NBA010
801,28,SCHOOL,5,22,0.140,0.476,0,NBA009
802,48,SCHOOL,30,101,1.875,4.589,0,NBA008
803,26,SCHOOL,0,14,0.302,0.748,1,NBA000
804,36,SCHOOL,4,23,1.327,2.422,0,NBA010
805,30,SCHOOL,12,38,0.171,3.059,0,NBA010
806,41,SCHOOL,1,19,0.242,0.594,0,NBA016
807,34,POST GRADUATE,13,52,1.497,3.287,0,NBA007
808,25,POST GRADUATE,3,54,1.163,2.833,$null$,NBA002
809,45,SCHOOL,17,62,2.437,6.863,0,NBA000
810,22,SCHOOL,4,19,1.887,2.502,1,NBA003
811,32,SCHOOL,13,25,0.596,1.279,$null$,NBA011
812,21,UNDER GRADUATE,1,17,0.555,1.230,$null$,NBA000
813,34,SCHOOL,6,20,0.042,0.198,0,NBA001
814,31,SCHOOL,10,49,3.237,1.565,1,NBA012
815,33,SCHOOL,7,22,0.631,0.777,0,NBA000
816,40,UNDER GRADUATE,2,36,0.278,1.090,0,NBA001
817,36,UNDER GRADUATE,6,27,0.262,0.980,1,NBA015
818,30,UNDER GRADUATE,2,26,0.249,0.739,$null$,NBA002
819,35,UNDER GRADUATE,0,35,2.383,1.957,$null$,NBA006
820,36,SCHOOL,7,40,1.695,2.265,0,NBA017
821,37,SCHOOL,4,24,0.419,2.989,$null$,NBA010
822,32,SCHOOL,16,38,0.694,7.286,0,NBA010
823,45,SCHOOL,3,20,0.105,0.315,0,NBA015
824,27,DOCTRATE,0,25,1.419,1.756,1,NBA000
825,41,UNDER GRADUATE,4,26,1.473,3.519,1,NBA014
826,32,UNDER GRADUATE,12,116,4.027,2.585,$null$,NBA011
827,48,SCHOOL,13,50,6.114,9.286,1,NBA020
828,50,SCHOOL,1,26,1.852,1.866,0,NBA026
829,45,POST GRADUATE,0,22,0.030,0.894,0,NBA019
830,33,UNDER GRADUATE,2,37,0.834,0.831,0,NBA009
831,33,SCHOOL,13,52,2.714,8.362,1,NBA003
832,27,UNDER GRADUATE,8,18,0.401,1.741,0,NBA007
833,36,UNDER GRADUATE,7,43,2.649,3.973,0,NBA016
834,30,DOCTRATE,7,30,0.264,4.446,0,NBA010
835,28,UNDER GRADUATE,3,36,0.384,2.712,0,NBA001
836,21,POST GRADUATE,0,41,2.367,5.628,$null$,NBA001
837,23,UNDER GRADUATE,3,24,0.552,0.960,0,NBA004
838,23,SCHOOL,7,22,0.849,2.319,0,NBA003
839,26,SCHOOL,10,25,1.306,0.469,0,NBA001
840,31,SCHOOL,8,22,0.370,1.104,0,NBA001
841,38,POST GRADUATE,13,25,0.343,1.082,0,NBA018
842,29,POST GRADUATE,7,63,0.572,2.893,0,NBA001
843,32,SCHOOL,14,36,0.273,0.591,0,NBA000
844,32,UNDER GRADUATE,8,45,0.982,0.683,0,NBA002
845,41,SCHOOL,7,43,0.694,1.198,0,NBA011
846,27,SCHOOL,5,26,0.548,1.220,$null$,NBA007
847,28,UNDER GRADUATE,7,34,0.359,2.021,0,NBA002
848,25,DOCTRATE,0,18,2.802,3.210,1,NBA001
849,32,SCHOOL,12,28,0.116,0.696,0,NBA012
850,52,SCHOOL,16,64,1.866,3.638,0,NBA025
